citedAuthor,authname
A Donagan,A Donagan
A Gewirth,A Gewirth
A Goldman,A Goldman
A Golman,A Goldman
A Morton,A Morton
A Naylor,A Naylor
A Plantinga,A Plantinga
A Rosenberg,A Rosenberg
A Shimony,A Shimony
A Zabludowski,A Zabludowski
Aa Goldman,A Goldman
Adam Morton,A Morton
Ai Goldman,A Goldman
Al Goldman,A Goldman
Alvin Goldman,A Goldman
Alvin Plantinga,A Plantinga
B Berofsky,B Berofsky
B Gert,B Gert
B Hallpartee,B Partee
B Marcus,B Marcus
B Matthews,B Matthews
B O'shaughnessy,B O'Shaughnessy
B O'shaugnessy,B O'Shaughnessy
B Osaughnessy,B O'Shaughnessy
B Oshaughnessey,B O'Shaughnessy
B Oshaughnessy,B O'Shaughnessy
B Partee,B Partee
B Stroud,B Stroud
B Vanfraasen,B van Fraassen
B Vanfraassen,B van Fraassen
B Vansfraassen,B van Fraassen
Ba Brody,B Brody
Barbara Partee,B Partee
Bc Vanfraassen,B van Fraassen
Bc Vansfraassen,B van Fraassen
Bcv Fraassen,B van Fraassen
Benacerraf Paul,P Benacerraf
Bh Partee,B Partee
Brian O'shaughnessy,B O'Shaughnessy
Bv Field,H Field
C Chihara,C Chihara
C Cohen,C Cohen
C Glymour,C Glymour
C Graves,C Graves
C Hempel,C Hempel
C Kahn,C Kahn
C Parsons,C Parsons
Cd Dennett,D Dennett
Ch Kahn,C Kahn
Charles Kahn,C Kahn
Cs Chihara,C Chihara
Ctyler Burge,T Burge
Cw Webb,C Webb
D Berlinski,D Berlinski
D Blumenfeld,D Blumenfeld
D Carrier,D Carrier
D Dennett,D Dennett
D Devitt,D Devitt
D Follesdal,D Follesdal
D Gabbay,D Gabbay
D Gauthier,D Gauthier
D Gottlieb,D Gottlieb
D Kaplan,D Kaplan
D Lewis,D Lewis
D Long,D Long
D Lyons,D Lyons
D Parfit,D Parfit
D Ross,D Ross
D Scott,D Scott
D Smith,D Smith
D Woodruffsmith,D Woodruff Smith
Daniel Dennett,D Dennett
David Blumenfeld,D Blumenfeld
David Lewis,D Lewis
David Lyons,D Lyons
David Smith,D Smith
Dc Dennett,D Dennett
Dc Long,D Long
Dcch Lewis,D Lewis
Derek Parfit,D Parfit
Dhp Allen,D Allen
Dk Lewis,D Lewis
Dp Gauthier,D Gauthier
Dph Allen,D Allen
Ds Clarke,D Clarke
Ds Scott,D Scott
Dw Smith,D Woodruff Smith
E Sosa,E Sosa
E Ullman-Margalit,E Ullman-Margalit
F Dauer,F Dauer
F Dretske,F Dretske
F Feldman,F Feldman
F Ratliff,F Ratliff
F Schick,F Schick
F Suppe,F Suppe
Fc Wade,F Wade
Fi Dretske,F Dretske
Field Hartry,H Field
Fraassen Van,B van Fraassen
Francis Wade,F Wade
Frankfurt Harry,H Frankfurt
Frassen Van,B van Fraassen
Fred Feldman,F Feldman
Frederic Schick,F Schick
Frederick Suppe,F Suppe
Fw Dauer,F Dauer
G Boolos,G Boolos
G Brittan,G Brittan
G Dworkin,G Dworkin
G Graves,G Graves
G Harman,G Harman
G Kavka,G Kavka
G Kreisel,G Kreisel
G Matthews,G Matthews
G Nerlich,G Nerlich
G Schlesinger,G Schlesinger
G Sircello,G Sircello
G Stine,G Stine
G Watson,G Watson
Gareth Matthews,G Matthews
Gb Matthews,G Matthews
George Boolos,G Boolos
Gerald Dworkin,G Dworkin
Gh Frankfurt,H Frankfurt
Gilbert Harman,G Harman
Gl Bowie,G Bowie
Graham Nerlich,G Nerlich
Gs Kavka,G Kavka
H Darmstadter,H Darmstadter
H Field,H Field
H Fingarette,H Fingarette
H Frankfort,H Frankfurt
H Frankfurt,H Frankfurt
H Frankfurter,H Frankfurt
H Frankfurts,H Frankfurt
H Grankfurt,H Frankfurt
H Kincaid,H Kincaid
H Mccann,H McCann
H Mullane,H Mullane
H Putham,H Putnam
H Putnam,H Putnam
H Shue,H Shue
H Silvrstein,H Silverstein
H Sluga,H Sluga
H Stein,H Stein
H-N Castaneda,H-N Castaneda
Harold Frankfurt,H Frankfurt
Harry Frankfurt,H Frankfurt
Harry Frankfurt's,H Frankfurt
Harryg Frankfurt,H Frankfurt
Hartry Field,H Field
Harty Field,H Field
Hf Frankfurt,H Frankfurt
Hg Edwards,H Edwards
Hg Frankfurt,H Frankfurt
Hg Grankfurt,H Frankfurt
Hh Field,H Field
Hilary Putnam,H Putnam
Hillary Putnam,H Putnam
Hj Mccann,H McCann
Hm Frankfurt,H Frankfurt
Hn Castaneda,H-N Castaneda
Hn Casteneda,H-N Castaneda
Hs Silverstein,H Silverstein
Hugh Mccann,H McCann
I Hacking,I Hacking
I Levi,I Levi
I Scheffler,I Scheffler
I Thalberg,I Thalberg
I Waldner,I Waldner
Isaac Levi,I Levi
Israel Scheffler,I Scheffler
J Barman,J Barman
J Coleman,J Coleman
J Earman,J Earman
J English,J English
J Feinberg,J Feinberg
J Heintz,J Heintz
J Hintikka,J Hintikka
J Katz,J Katz
J Kenneth,J Kenneth
J Kim,J Kim
J Perry,J Perry
J Ransdell,J Ransdell
J Rawls,J Rawls
J Raz,J Raz
J Rosenberg,J Rosenberg
J Thomson,JJ Thomson
J Wallace,J Wallace
Jaegwon Kim,J Kim
Jc Mackie,J Mackie
Jerrold Katz,J Katz
Jg Dees,J Dees
Jj Thomson,JJ Thomson
Jl Coleman,J Coleman
Jl Mackie,J Mackie
Jl Pollock,J Pollock
Jm Fischer,JM Fischer
Jme Moravcsik,J Moravcsik
Joel Feinberg,J Feinberg
John Perry,J Perry
John Rawls,J Rawls
Joseph Cowan,J Cowan
Joseph Ransdell,J Ransdell
Judith Thompson,JJ Thompson
Judith Thomson,JJ Thompson
Judith Thomson's,JJ Thompson
Jw Kim,J Kim
Jw Lamb,J Lamb
K Arrow,K Arrow
K Baier,K Baier
K Donnellan,K Donnellan
K Gundersen,K Gundersen
K Gunderson,K Gundersen
K Jaegwon,J Jim
K Lehrer,K Lehrer
K Nielsen,K Nielsen
K Schick,K Schick
K Stern,K Stern
K Walton,K Walton
Keith Lehrer,K Lehrer
Kendal Walton,K Walton
Kenneth Arrow,K Arrow
Kj Arrow,K Walton
Kl Walton,Kl Walton
Klein Peter,P Klein
Ks Donnellan,K Donnellan
L Foster,L Foster
L Katzner,L Katzner
L Kohlberg,L Kohlberg
L Kolhberg,L Kohlberg
L Loeb,L Loeb
L Mink,L Mink
L Sklar,L Sklar
L Stern,L Stern
L Tharp,L Tharp
L Waldner,L Waldner
Lawrence Kohlberg,L Kohlberg
Lawrence Stern,L Stern
Ld Causation,D Lewis
Le Loeb,L Loeb
Lesley Fellows,L Fellows
Levi Isaac,I Levi
Lewis Causation,D Lewis
Lewis David,D Lewis
Li Katzner,L Katzner
Lj Cohen,L Cohen
Lkohlberg Lawrence,L Kohlberg
Lo Mink,L Mink
Louis Mink,L Mink
Ls Carrier,L Carrier
M Arbib,M Arbib
M Atherton,M Atherton
M Bunge,M Bunge
M Devitt,M Devitt
M Frede,M Frede
M Fried,M Frede
M Friedman,M Friedman
M Frye,M Frye
M Gilbert,M Gilbert
M Munitz,M Munitz
M Pastin,M Pastin
M Price,M Price
M Scriven,M Scriven
M Slote,M Slote
M Steiner,M Steiner
M Stole,M Stole
M Swain,M Swain
M Teitelman,M Teitelman
M Teitleman,M Teitelman
M Tietelman,M Teitelman
M Wilson,M Wilson
Ma Slote,M Slote
Mark Steiner,M Steiner
Marshall Swain,M Swain
Michael Devitt,M Devitt
Michael Freidman,M Friedman
Michael Friedman,M Friedman
Michael Slote,M Slote
Mr Ayers,M Ayers
Myles Brand,M Brand
N Block,N Block
N Chomsky,N Chomsky
N Friedman,M Friedman
N Goodman,N Goodman
N Rescher,N Rescher
Na Arrow,K Arrow
Na Basvanfraassen,B van Fraassen
Na Benacerraf,P Benacerraf
Na Boolos,G Boolos
Na Chomsky,N Chomsky
Na Clarke,T Clarke
Na Coelman,J Coleman
Na Coleman,J Coleman
Na Craig,E Craig
Na Dennett,D Dennett
Na Feinberg,J Feinberg
Na Feldman,F Feldman
Na Field,H Field
Na Frankfurt,H Frankfurt
Na Friedman,M Friedman
Na Goldman,A Goldman
Na Grandy,R Grandy
Na Hartry,H Field
Na Jeffrey,R Jeffrey
Na Kahn,C Kahn
Na Kim,J Kim
Na Kohlber,L Kohlberg
Na Kohlberg,L Kohlberg
Na Kripke,S Kripke
Na Leeds,S Leeds
Na Levii,I Levi
Na Lewis,D Lewis
Na Lyons,D Lyons
Na Mullane,H Mullane
Na Narveson,J Narveson
Na Oshaugnessy,B O'Shaugnessy
Na Parfit,D Parfit
Na Parsons,T Parsons
Na Putnam,H Putnam
Na Quine,W Quine
Na Rawls,J Rawls
Na Rogers,R Rogers
Na Rorty,R Rorty
Na Rowe,W Rowe
Na Stroud,B Stroud
Na Tarski,A Tarski
Na Teitelman,M Teitelman
Na Thompson,T Clarke
Na Vanfraassen,B van Fraassen
Na Zabludowski,A Zabludowski
Na Ziff,P Ziff
Nd Lesis,N Lesis
Ned Block,N Block
Nicholas Rescher,N Rescher
Nj Block,N Block
Norman Kretzmann,N Kretzmann
P Benaceraff,P Benacerraf
P Benacerraf,P Benacerraf
P Benacerrafs,P Benacerraf
P Benecerraf,P Benacerraf
P Klein,P Klein
P Unger,P Unger
P Vaninwagen,P van Inwagen
P Ziff,P Ziff
Partee Barbara,B Partee
Paul Benaceraff,P Benacerraf
Paul Benacerraf,P Benacerraf
Paul Thagard,P Thagard
Pd Klein,P Klein
Peter Klein,P Klein
Peter Unger,P Unger
R Allen,R Allen
R Audi,R Audi
R Barcan,R Marcus
R Brandt,R Brandt
R Causey,R Causey
R Grandy,R Grandy
R Henson,R Henson
R Jeffrey,R Jeffrey
R Keefe,R Keefe
R Lyons,R Lyons
R Marcus,R Marcus
R Meyer,R Meyer
R Meyers,R Meyers
R Nozick,R Nozick
R Rorty,R Rorty
R Schuldenfrei,R Schuldenfrei
R Schwartz,R Schwartz
R Sleigh,R Sleigh
R Solomon,R Solomon
R Stalnaker,R Stalnaker
R Ware,R Ware
R Zaffron,R Zaffron
Rb Marcus,R Marcus
Rc Grandy,R Grandy
Rc Jeffrey,R Jeffrey
Rd Causey,R Causet
Re Allen,R Allen
Re Grandy,R Grandy
Re Sartorius,R Sartorius
Rg Henson,R Henson
Rg Meyers,R Meyers
Rh Thomason,R Thomason
Richard Brandt,R Brandy
Richard Grandy,R Grandy
Richard Jeffrey,R Jeffrey
Richard Rorty,R Rorty
Rk Meyer,R Meter
Rl Causey,R Causey
Rm Adams,R Adams
Robert Audi,R Audi
Robert Meyer,R Meyer
Robert Solomon,R Solomon
Rs Greenburg,R Greenburg
Rtw Conroy,R Conroy
Ruth Marcus,R Marcus
Rw Causey,R Causey
Rw Newell,R Newell
S Bates,S Bates
S Gordon,S Gordon
S Kripke,S Kripke
S Leeds,S Leeds
S Lewis,S Lewis
S Stich,S Stich
Sa Kripke,S Kripke
Sa Richmond,S Richmond
Saul Kripke,S Kripke
Se Boer,S Boer
Se Kindred,S Kindred
See Frankfurt,H Frankfurt
Shaugnessy O',B O'Shaughnessy
Sj Massey,S Massey
T Burge,T Burge
T Clark,T Clarke
T Clarke,T Clarke
T Horgan,T Horgan
T Nagel,T Nagel
T Nickles,T Nickles
T Parsons,T Parsons
T Penelhum,T Penelhum
T Scanlon,T Scanlon
Terence Parsons,T Parsons
Terrence Parsons,T Parsons
Th Irwin,T Irwin
Thomas Nagel,T Nagen
Thomas Nickles,T Nickles
Thompson Clarke,T Clarke
Thompson Jarvis,JJ Thomson
Tls Sprigge,T Sprigge
Tyler Burge,T Burge
V Chappell,V Chappell
V Gourevitch,V Gourevitch
V Held,V Held
Vc Chappell,V Chappell
Victor Gourevitch,V Gourevitch
W Lycan,W Lycan
W Neblett,W Neblett
W Quinn,W Quinn
W Rowe,W Rowe
W Sellars,W Sellars
W Tait,W Tait
W Vanorman,W Vanorman
Wd Hart,W Hart
Werner Pluhar,W Pluhar
Wf Sellars,W Sellars
Wilfred Sellars,W Sellars
Wilfrid Sellars,W Sellars
William Neblett,W Neblett
Wl Roth,W Roth
Ws Sellars,W Sellars
Wv Quine,W Quine
Wvo Quine,W Quine
Zeno Vendler,Z Vendler